ni,no,ncase
2,1,4
case_no,xinp1,xinp2,yout1,y_ANN1
1.000000000,1.000000000,1.000000000,1.000000000,0.998708742
2.000000000,1.000000000,0.000000000,1.000000000,0.993414804
3.000000000,0.000000000,1.000000000,1.000000000,0.993436743
4.000000000,0.000000000,0.000000000,0.000000000,0.010751043
